Name;ID;Phone;Email
Croissant Rouge Tunisien;1;21671325572;contact@croissant-rouge.tn
Association de protection de ksour et sauvegarde du patrimoine à Béni Kheddache;2;+21629408392;associationkousour@gmail.com
Association Tunisienne du Diabète;3;21671325573;contact@croissant-rouge.tn
Association Tunisienne de Lutte Contre le Cancer;4;+21629408392;associationkousour@gmail.com
Association Tunisienne de Bienfaisance;5;21671325574;contact@croissant-rouge.tn
Fondation Cogitore;6;+21629408392;associationkousour@gmail.com
Islamic Relief Tunisia;7;21671325572;contact@croissant-rouge.tn
Plan International Tunisia;8;+21629408392;associationkousour@gmail.com
Médecins Sans Frontières (Tunisie);9;21671325572;contact@croissant-rouge.tn
Handicap International Tunisia;10;+21629408392;associationkousour@gmail.com
UNHCR Tunisie;11;21671325572;contact@croissant-rouge.tn
UNICEF Tunisia;12;+21629408392;associationkousour@gmail.com
Mercy Corps Tunisia;13;21671325572;contact@croissant-rouge.tn
Association Tunisienne de Solidarité avec la Palestine;14;+21629408392;associationkousour@gmail.com
Association pour le Développement de l’Enfance (ADE);15;21671325572;contact@croissant-rouge.tn
Tunisian Center for Social Entrepreneurship;16;+21629408392;associationkousour@gmail.com
We Love Tunisia Foundation;17;21671325572;contact@croissant-rouge.tn
Caritas Tunisie;18;+21629408392;associationkousour@gmail.com
Rabita Msamah;19;21671325572;contact@croissant-rouge.tn
Union des Femmes de Tunisie;20;+21629408392;associationkousour@gmail.com
